-- Jeu de données SQL associé au cours PHP se trouvant 
-- dans le dépôt Github suivant :
--  https://github.com/gregja/PHPCorner/
-- Jeu de données relatif au chapitre 4.9.3 du support de cours.

CREATE TABLE prd_activite (
 id int(10) unsigned NOT NULL AUTO_INCREMENT,
 nom varchar(80) DEFAULT NULL,
 PRIMARY KEY (id)
) ENGINE=InnoDB DEFAULT CHARSET=utf8 ;
 
CREATE TABLE prd_famille (
  id int(10) unsigned NOT NULL AUTO_INCREMENT,
  nom varchar(80) DEFAULT NULL,
  prd_activite_id int(10) unsigned NOT NULL,
  PRIMARY KEY (id)
) ENGINE=InnoDB DEFAULT CHARSET=utf8 ;

CREATE TABLE prd_produit (
  id int(10) UNSIGNED NOT NULL AUTO_INCREMENT,
  codeproduit char(50) NOT NULL,
  prd_famille_id int(10) UNSIGNED NOT NULL,
  PRIMARY KEY (id)
) ENGINE=InnoDB DEFAULT CHARSET=utf8;

CREATE TABLE prd_prixstd (
  id int(10) UNSIGNED NOT NULL AUTO_INCREMENT,
  prd_produit_id int(10) UNSIGNED NOT NULL,
  date_deb date NOT NULL,
  prix decimal(11,5) NOT NULL,
  PRIMARY KEY (id)
) ENGINE=InnoDB DEFAULT CHARSET=utf8;

--
-- Données de la table prd_activite
--
INSERT INTO prd_activite (id, nom) VALUES
 (1, 'Motoculture'),
 (2, 'Remorques'),
 (3, 'Quads'),
 (4, 'Cycles'),
 (5, 'Matériel agricole et espace vert'),
 (6, 'Matériel de travaux publics');

--
-- Données de la table prd_famille
--
INSERT INTO prd_famille (id, nom, prd_activite_id) VALUES
(1, 'Aspirateurs électriques', 1),
(2, 'Atomiseurs', 1),
(3, 'Broyeurs', 1),
(4, 'Coupe-bordures, coupe-herbes', 1),
(5, 'Débroussailleuses', 1),
(6, 'Débroussailleuses à dos', 1),
(7, 'Découpeuses à disque', 1),
(8, 'Démousseurs', 1),
(9, 'Déneigeuses', 1),
(10, 'Motobineuses', 1),
(11, 'Motoculteurs', 1),
(12, 'Motofaucheuses', 1),
(13, 'Nettoyeurs haute pression', 1),
(14, 'Outillage à main pour le jardin', 1),
(15, 'Outilllage à main pour la forêt', 1),
(16, 'Récolteuses d''olives', 1),
(17, 'Scarificateurs', 1),
(18, 'Souffleurs à dos', 1),
(19, 'Souffleurs, aspiro-broyeurs', 1),
(20, 'Tailles-haies', 1),
(21, 'Tailles-haies sur perche', 1),
(22, 'Tarrières', 1),
(23, 'Tondeuses débroussailleuses', 1),
(24, 'Tondeuses électriques', 1),
(25, 'Tondeuses thermiques', 1),
(26, 'Tracteurs de pelouses', 1),
(27, 'Tronçonneuses à chaîne', 1),
(28, 'Tronçonneuses d''élagage', 1),
(29, 'Tronçonneuses sur perche', 1),
(30, 'Accessoires', 2),
(31, 'Agricoles', 2),
(34, 'Utilitaires', 2),
(36, 'Sports (homologués route)', 3),
(37, 'Utilitaires (homologués route)', 3),
(40, 'VTT', 4),
(41, 'Tracteurs', 5),
(42, 'Chargeuse', 6),
(43, 'Compactage', 6),
(44, 'Compresseur', 6),
(45, 'Groupe électrogène monophase', 6),
(46, 'Groupe électrogène triphasé', 6),
(47, 'Mini-pelle', 6),
(49, 'Transporteur', 6),
(56, 'Pulvérisateur', 1),
(61, 'Tondeuses robot', 1);

--
-- Données de la table prd_produit
--

INSERT INTO prd_produit (id, codeproduit, prd_famille_id) VALUES
(1, 'MS 290', 27),
(2, 'MS 310', 27),
(3, 'FS 350', 5),
(4, 'FS 400', 5),
(5, 'FS 450', 5),
(6, 'FS 450-K', 5),
(7, 'HS 45', 20),
(8, 'TS 400', 7),
(9, 'ME 360', 24),
(10, 'ME 400', 24),
(11, 'GE 103', 3),
(12, 'MS 200', 27),
(13, 'MS 200 T', 28),
(19, 'MS 260', 27),
(20, 'MS 260 C-B', 27),
(21, 'MS 440', 27),
(22, 'MS 460', 27),
(23, 'MS 460-R Intervention', 27),
(24, 'VH 400', 10),
(25, 'GE 35 L', 3),
(26, 'GE 105', 3),
(27, 'BT 45 Tarière', 22),
(28, 'MS 270', 27),
(29, 'MS 270 C-B', 27),
(30, 'HTE 60', 29),
(31, 'BT 45 Perceuse à bois', 22),
(32, 'FS 100 R', 5),
(33, 'FS 100', 5),
(34, 'MS 660', 27),
(35, 'GB 370', 3),
(36, 'GB 370 S', 3),
(37, 'MB 2 R', 25),
(38, 'MM 55', 8),
(39, 'MS 230', 27),
(40, 'MS 250', 27),
(41, 'MS 341', 27),
(42, 'MS 361', 27),
(43, 'MS 880', 27),
(44, 'FS 250', 5),
(45, 'FS 500', 5),
(46, 'FS 550', 5),
(47, 'FR 350', 6),
(48, 'FR 450', 6),
(49, 'HT 100', 29),
(50, 'HT 101', 29),
(51, 'RE 361', 13),
(52, 'RE 361 PLUS', 13),
(53, 'RE 471 PLUS', 13),
(54, 'ME 340', 24),
(55, 'GE 150', 3),
(56, 'GE 250', 3),
(57, 'VH 440', 10),
(58, 'VH 540', 10),
(59, 'VH 660', 10),
(60, 'RE 142', 13),
(61, 'RE 142 PLUS', 13),
(62, 'RE 162 PLUS', 13),
(63, 'MSE 220 C-Q', 27),
(64, 'MB 6 RH', 23),
(65, 'MSE 140 C-BQ', 27),
(66, 'MSE 160 C-BQ', 27),
(67, 'MS 192 T', 28),
(68, 'MS 230 C-BE', 27),
(69, 'MS 250 C-BE', 27),
(70, 'MS 650', 27),
(71, 'FS 130', 5),
(72, 'TS 700', 7),
(73, 'KM 100 R', 5),
(74, 'RE 551 PLUS', 13),
(75, 'RE 581', 13),
(76, 'RE 581 PLUS', 13),
(77, 'RE 661 PLUS', 13),
(78, 'RE 961 PLUS', 13),
(79, 'FS 130 R', 5),
(80, 'BR 500', 18),
(81, 'BR 550', 18),
(82, 'BR 600', 18),
(83, 'BT 121 C', 22),
(84, 'MB 650 KS', 25),
(85, 'MB 650 T', 25),
(86, 'MB 650 V', 25),
(87, 'MB 650 VS', 25),
(88, 'MB 655 KS', 25),
(89, 'MB 655 V', 25),
(90, 'MB 3 RT', 25),
(91, 'HS 81 R', 20),
(92, 'HS 86 R', 20),
(93, 'HS 86 T', 20),
(94, 'HL 100 K, 135°', 21),
(95, 'HL 100, 135°', 21),
(96, 'MB 448 T', 25),
(97, 'ME 443', 24),
(98, 'FS 90', 5),
(99, 'FS 90 R', 5),
(100, 'TS 800', 7),
(101, 'SE 61', 1),
(102, 'SE 61 E', 1),
(103, 'FS-KM 130', 5),
(104, 'KM 130 R', 5),
(105, 'KM 90 R', 5),
(106, 'MB 650 TK', 25),
(107, 'MB 655 GK', 25),
(108, 'MS 441', 27),
(109, 'MB 545 T', 25),
(110, 'MB 545 V', 25),
(111, 'ME 545 V', 24),
(112, 'MB 545 VE', 25),
(113, 'MB 545 VS', 25),
(114, 'MS 280 C-B I', 27),
(115, 'MS 280 I', 27),
(116, 'HT 131', 29),
(117, 'HT 130', 29),
(118, 'FS 310', 5),
(119, 'FS 87', 5),
(120, 'FS 87 R', 5),
(121, 'FR 130 T', 6),
(122, 'RB 302', 13),
(123, 'RB 402 PLUS', 13),
(124, 'RE 271', 13),
(125, 'RE 271 PLUS', 13),
(126, 'RE 281 PLUS', 13),
(127, 'MB 650 VE', 25),
(128, 'MB 755 KS', 25),
(129, 'TS 410', 7),
(130, 'TS 420', 7),
(131, 'MS 171', 27),
(132, 'MS 181', 27),
(133, 'MS 181 C-BE', 27),
(134, 'MS 211', 27),
(135, 'MS 211 C-BE', 27);



--
-- Données de la table prd_prixstd
--
INSERT INTO prd_prixstd (prd_produit_id, date_deb, prix) VALUES
(60, '2017-01-01', '459.03000'),
(61, '2017-01-01', '500.84000'),
(62, '2017-01-01', '584.45000'),
(51, '2017-01-01', '1109.00000'),
(52, '2017-01-01', '1325.00000'),
(53, '2017-01-01', '1620.00000'),
(75, '2017-01-01', '2390.00000'),
(76, '2017-01-01', '2910.00000'),
(77, '2017-01-01', '3415.00000'),
(126, '2017-01-01', '1019.23000'),
(124, '2017-01-01', '868.73000'),
(125, '2017-01-01', '952.34000'),
(101, '2017-01-01', '121.24000'),
(78, '2017-01-01', '4300.00000'),
(74, '2017-01-01', '2760.00000'),
(122, '2017-01-01', '1390.00000'),
(123, '2017-01-01', '2960.00000'),
(50, '2017-01-01', '782.61000'),
(49, '2017-01-01', '608.70000'),
(117, '2017-01-01', '752.51000'),
(116, '2017-01-01', '895.48000'),
(80, '2017-01-01', '739.97000'),
(81, '2017-01-01', '756.69000'),
(82, '2017-01-01', '848.66000'),
(27, '2017-01-01', '581.10000'),
(30, '2017-01-01', '407.19000'),
(36, '2017-01-01', '1040.97000'),
(11, '2017-01-01', '268.39000'),
(26, '2017-01-01', '325.25000'),
(56, '2017-01-01', '517.56000'),
(55, '2017-01-01', '394.65000'),
(10, '2017-01-01', '277.59000'),
(24, '2017-01-01', '564.38000'),
(57, '2017-01-01', '592.81000'),
(58, '2017-01-01', '609.53000'),
(59, '2017-01-01', '1045.15000'),
(54, '2017-01-01', '166.39000'),
(9, '2017-01-01', '186.45000'),
(97, '2017-01-01', '243.31000'),
(111, '2017-01-01', '460.70000'),
(109, '2017-01-01', '542.64000'),
(110, '2017-01-01', '584.45000'),
(112, '2017-01-01', '776.76000'),
(113, '2017-01-01', '760.03000'),
(96, '2017-01-01', '469.90000'),
(37, '2017-01-01', '333.61000'),
(85, '2017-01-01', '677.26000'),
(86, '2017-01-01', '739.97000'),
(127, '2017-01-01', '932.27000'),
(87, '2017-01-01', '835.28000'),
(84, '2017-01-01', '985.79000'),
(106, '2017-01-01', '819.40000'),
(90, '2017-01-01', '606.19000'),
(88, '2017-01-01', '1208.19000'),
(107, '2017-01-01', '1010.87000'),
(128, '2017-01-01', '1604.52000'),
(64, '2017-01-01', '1024.25000');


